"trial","ref_position","var_area","response","correct","rt"
1,"R",14.2895036989357,"L",TRUE,5.35800004005432
2,"L",12.1120372086298,"R",TRUE,3.06399989128113
3,"L",10.3542778182309,"R",TRUE,1.85500001907349
4,"L",10.4122127708979,"R",TRUE,1.76099991798401
5,"L",8.44122664746828,"L",TRUE,3.15800023078918
6,"R",9.01324536954053,"L",TRUE,2.55899977684021
7,"L",9.50498552294448,"R",TRUE,2.36099982261658
8,"R",14.5770809024107,"L",TRUE,1.85999989509583
9,"L",12.4203434833325,"R",TRUE,1.7519998550415
10,"L",14.047080846969,"R",TRUE,2.56400012969971
11,"R",8.94857358839363,"R",TRUE,1.95499968528748
12,"L",10.8774120681919,"R",TRUE,1.8510000705719
13,"R",13.1872647383716,"L",TRUE,1.85300040245056
14,"R",11.2542079791892,"L",TRUE,2.03400015830994
15,"L",11.1566377175041,"R",TRUE,1.86099982261658
16,"R",9.65954027511179,"L",TRUE,1.65100002288818
17,"L",14.5417424754705,"R",TRUE,1.86899995803833
18,"L",10.4573438828811,"R",TRUE,3.06000018119812
19,"R",14.4212475069799,"L",TRUE,1.96000003814697
20,"L",10.0377847994678,"L",FALSE,2.65199995040894
21,"R",12.4878158122301,"L",TRUE,2.15100002288818